id,firstName,lastName,email,gender,phone,jobTitle
25c5be03-a2ac-42db-bc16-d44c2df7acec,Tatiana,McLellan,tmclellan0@ft.com,Cisgender Woman,245-823-4275,Safety Technician II
e7167e1a-936b-4ac5-8e82-ff218bd4fec5,Tabb,Pettiford,tpettiford1@deviantart.com,Androgyne,138-582-2243,Research Nurse
40d7771e-5700-47c1-a2bd-e12461a85441,Weidar,Dubber,wdubber2@webeden.co.uk,Androgyne,274-896-7507,Financial Advisor
c4893788-dda1-4dda-8252-db12f282bd6f,Sayers,Schober,sschober3@yellowbook.com,Androgyne,690-338-4084,Mechanical Systems Engineer
32ecbf0f-bc12-45f4-9f65-6223a0f532d2,Sal,Richel,srichel4@chronoengine.com,Cis Male,874-768-1185,Help Desk Technician
26f3e3d6-bd9a-444c-b299-73bcc57bcdcd,Patrizia,Paszak,ppaszak5@artisteer.com,Other,889-594-1940,Systems Administrator IV
d881fdf1-9cfc-46ad-ba57-0c7172fc91c8,Val,Aylward,vaylward6@cbsnews.com,Transfeminine,771-412-2277,Senior Editor
87002741-de05-499c-ad9f-84fc24a74fd1,Joceline,Skarman,jskarman7@chronoengine.com,Non-binary,169-967-1707,Technical Writer
63d994b6-e991-4590-80de-9430ed688dd2,Gretal,Rielly,grielly8@chron.com,Transsexual Person,354-388-2661,Administrative Assistant III
30987df7-9c7f-4f60-875c-bbd8f931fa72,Grady,Stouther,gstouther9@usda.gov,Cisgender Woman,315-371-1707,Pharmacist
edb74bdc-5cc0-4153-aa50-b3c4a643b2a9,Shepard,Dunphie,sdunphiea@people.com.cn,Genderqueer,713-289-8993,Accountant II
5176382e-f399-4b42-a53f-bf97f868d3c0,Gwennie,Novis,gnovisb@domainmarket.com,Agender,572-776-9126,Environmental Tech
68b2751b-2322-4e2d-9c18-0b5830c610fc,Merola,Anthoine,manthoinec@hostgator.com,Transgender Male,382-877-5204,Sales Associate
72e4a16d-c1ab-4bef-909a-7ad76648e913,Gracie,Serridge,gserridged@paypal.com,Trans Male,105-417-6592,Editor
0ee30596-3377-4826-a040-b982d937700a,Ibbie,Sotheron,isotherone@prweb.com,Neither,121-812-6491,Help Desk Technician
67ccec3d-d6da-47ac-a04d-6ba3f0b49530,Vanya,Stevani,vstevanif@newyorker.com,Male to Female,238-524-3694,Structural Engineer
bb619fe4-0658-42b1-a742-773233847bca,Donn,Andriessen,dandriesseng@gnu.org,Cisgender Man,132-894-1316,Executive Secretary
dec39733-700f-4074-be0a-c8ef7cec25b0,Maryl,Saye,msayeh@geocities.jp,Transgender Woman,723-477-8072,Analog Circuit Design manager
eedea921-e3cc-4613-9358-aac3db81ff68,Saundra,Scoble,sscoblei@prnewswire.com,Gender Fluid,349-687-1773,Environmental Specialist
d88e6962-c2d5-4b2d-a8e4-eb1a81d575dd,Delphinia,Mico,dmicoj@desdev.cn,Bigender,735-754-0851,Budget/Accounting Analyst III
